[{"name":"BOTTOM_NAVIGATION","description":"com.example.pokeapp.ui.components.NavigationType.BOTTOM_NAVIGATION","location":"app/com.example.pokeapp.ui.components/-navigation-type/-b-o-t-t-o-m_-n-a-v-i-g-a-t-i-o-n/index.html","searchKeys":["BOTTOM_NAVIGATION","BOTTOM_NAVIGATION","com.example.pokeapp.ui.components.NavigationType.BOTTOM_NAVIGATION"]},{"name":"NAVIGATION_RAIL","description":"com.example.pokeapp.ui.components.NavigationType.NAVIGATION_RAIL","location":"app/com.example.pokeapp.ui.components/-navigation-type/-n-a-v-i-g-a-t-i-o-n_-r-a-i-l/index.html","searchKeys":["NAVIGATION_RAIL","NAVIGATION_RAIL","com.example.pokeapp.ui.components.NavigationType.NAVIGATION_RAIL"]},{"name":"PokemonDetail","description":"com.example.pokeapp.ui.components.Destinations.PokemonDetail","location":"app/com.example.pokeapp.ui.components/-destinations/-pokemon-detail/index.html","searchKeys":["PokemonDetail","PokemonDetail","com.example.pokeapp.ui.components.Destinations.PokemonDetail"]},{"name":"PokemonList","description":"com.example.pokeapp.ui.components.Destinations.PokemonList","location":"app/com.example.pokeapp.ui.components/-destinations/-pokemon-list/index.html","searchKeys":["PokemonList","PokemonList","com.example.pokeapp.ui.components.Destinations.PokemonList"]},{"name":"Start","description":"com.example.pokeapp.ui.components.Destinations.Start","location":"app/com.example.pokeapp.ui.components/-destinations/-start/index.html","searchKeys":["Start","Start","com.example.pokeapp.ui.components.Destinations.Start"]},{"name":"abstract class AppDatabase : RoomDatabase","description":"com.example.pokeapp.data.database.AppDatabase","location":"app/com.example.pokeapp.data.database/-app-database/index.html","searchKeys":["AppDatabase","abstract class AppDatabase : RoomDatabase","com.example.pokeapp.data.database.AppDatabase"]},{"name":"abstract fun generationDao(): GenerationDao","description":"com.example.pokeapp.data.database.AppDatabase.generationDao","location":"app/com.example.pokeapp.data.database/-app-database/generation-dao.html","searchKeys":["generationDao","abstract fun generationDao(): GenerationDao","com.example.pokeapp.data.database.AppDatabase.generationDao"]},{"name":"abstract fun getAllGenerations(): Flow<List<DbGeneration>>","description":"com.example.pokeapp.data.database.GenerationDao.getAllGenerations","location":"app/com.example.pokeapp.data.database/-generation-dao/get-all-generations.html","searchKeys":["getAllGenerations","abstract fun getAllGenerations(): Flow<List<DbGeneration>>","com.example.pokeapp.data.database.GenerationDao.getAllGenerations"]},{"name":"abstract fun getAllPokemons(): Flow<List<DbPokemon>>","description":"com.example.pokeapp.data.database.PokemonDao.getAllPokemons","location":"app/com.example.pokeapp.data.database/-pokemon-dao/get-all-pokemons.html","searchKeys":["getAllPokemons","abstract fun getAllPokemons(): Flow<List<DbPokemon>>","com.example.pokeapp.data.database.PokemonDao.getAllPokemons"]},{"name":"abstract fun getAllTypes(): Flow<List<DbType>>","description":"com.example.pokeapp.data.database.TypeDao.getAllTypes","location":"app/com.example.pokeapp.data.database/-type-dao/get-all-types.html","searchKeys":["getAllTypes","abstract fun getAllTypes(): Flow<List<DbType>>","com.example.pokeapp.data.database.TypeDao.getAllTypes"]},{"name":"abstract fun getGenerations(): Flow<List<Generation>>","description":"com.example.pokeapp.data.AppRepository.getGenerations","location":"app/com.example.pokeapp.data/-app-repository/get-generations.html","searchKeys":["getGenerations","abstract fun getGenerations(): Flow<List<Generation>>","com.example.pokeapp.data.AppRepository.getGenerations"]},{"name":"abstract fun getPokemon(): Flow<List<Pokemon>>","description":"com.example.pokeapp.data.AppRepository.getPokemon","location":"app/com.example.pokeapp.data/-app-repository/get-pokemon.html","searchKeys":["getPokemon","abstract fun getPokemon(): Flow<List<Pokemon>>","com.example.pokeapp.data.AppRepository.getPokemon"]},{"name":"abstract fun getPokemonByName(name: String): Flow<List<DbPokemon>>","description":"com.example.pokeapp.data.database.PokemonDao.getPokemonByName","location":"app/com.example.pokeapp.data.database/-pokemon-dao/get-pokemon-by-name.html","searchKeys":["getPokemonByName","abstract fun getPokemonByName(name: String): Flow<List<DbPokemon>>","com.example.pokeapp.data.database.PokemonDao.getPokemonByName"]},{"name":"abstract fun getPokemonByName(name: String): Flow<List<Pokemon>>","description":"com.example.pokeapp.data.AppRepository.getPokemonByName","location":"app/com.example.pokeapp.data/-app-repository/get-pokemon-by-name.html","searchKeys":["getPokemonByName","abstract fun getPokemonByName(name: String): Flow<List<Pokemon>>","com.example.pokeapp.data.AppRepository.getPokemonByName"]},{"name":"abstract fun getTypes(): Flow<List<Type>>","description":"com.example.pokeapp.data.AppRepository.getTypes","location":"app/com.example.pokeapp.data/-app-repository/get-types.html","searchKeys":["getTypes","abstract fun getTypes(): Flow<List<Type>>","com.example.pokeapp.data.AppRepository.getTypes"]},{"name":"abstract fun pokemonDao(): PokemonDao","description":"com.example.pokeapp.data.database.AppDatabase.pokemonDao","location":"app/com.example.pokeapp.data.database/-app-database/pokemon-dao.html","searchKeys":["pokemonDao","abstract fun pokemonDao(): PokemonDao","com.example.pokeapp.data.database.AppDatabase.pokemonDao"]},{"name":"abstract fun typeDao(): TypeDao","description":"com.example.pokeapp.data.database.AppDatabase.typeDao","location":"app/com.example.pokeapp.data.database/-app-database/type-dao.html","searchKeys":["typeDao","abstract fun typeDao(): TypeDao","com.example.pokeapp.data.database.AppDatabase.typeDao"]},{"name":"abstract suspend fun getGenerations(): ApiGameResponse","description":"com.example.pokeapp.network.ApiService.getGenerations","location":"app/com.example.pokeapp.network/-api-service/get-generations.html","searchKeys":["getGenerations","abstract suspend fun getGenerations(): ApiGameResponse","com.example.pokeapp.network.ApiService.getGenerations"]},{"name":"abstract suspend fun getPokemonDetail(name: String): ApiPokemonDetail","description":"com.example.pokeapp.network.ApiService.getPokemonDetail","location":"app/com.example.pokeapp.network/-api-service/get-pokemon-detail.html","searchKeys":["getPokemonDetail","abstract suspend fun getPokemonDetail(name: String): ApiPokemonDetail","com.example.pokeapp.network.ApiService.getPokemonDetail"]},{"name":"abstract suspend fun getPokemonDetail(name: String): PokemonDetail?","description":"com.example.pokeapp.data.AppRepository.getPokemonDetail","location":"app/com.example.pokeapp.data/-app-repository/get-pokemon-detail.html","searchKeys":["getPokemonDetail","abstract suspend fun getPokemonDetail(name: String): PokemonDetail?","com.example.pokeapp.data.AppRepository.getPokemonDetail"]},{"name":"abstract suspend fun getPokemons(limit: Int?, offset: Int?): ApiPokemonResponse","description":"com.example.pokeapp.network.ApiService.getPokemons","location":"app/com.example.pokeapp.network/-api-service/get-pokemons.html","searchKeys":["getPokemons","abstract suspend fun getPokemons(limit: Int?, offset: Int?): ApiPokemonResponse","com.example.pokeapp.network.ApiService.getPokemons"]},{"name":"abstract suspend fun getTypes(): ApiTypeResponse","description":"com.example.pokeapp.network.ApiService.getTypes","location":"app/com.example.pokeapp.network/-api-service/get-types.html","searchKeys":["getTypes","abstract suspend fun getTypes(): ApiTypeResponse","com.example.pokeapp.network.ApiService.getTypes"]},{"name":"abstract suspend fun insertGeneration(generation: DbGeneration)","description":"com.example.pokeapp.data.database.GenerationDao.insertGeneration","location":"app/com.example.pokeapp.data.database/-generation-dao/insert-generation.html","searchKeys":["insertGeneration","abstract suspend fun insertGeneration(generation: DbGeneration)","com.example.pokeapp.data.database.GenerationDao.insertGeneration"]},{"name":"abstract suspend fun insertGeneration(generation: Generation)","description":"com.example.pokeapp.data.AppRepository.insertGeneration","location":"app/com.example.pokeapp.data/-app-repository/insert-generation.html","searchKeys":["insertGeneration","abstract suspend fun insertGeneration(generation: Generation)","com.example.pokeapp.data.AppRepository.insertGeneration"]},{"name":"abstract suspend fun insertPokemon(pokemon: DbPokemon)","description":"com.example.pokeapp.data.database.PokemonDao.insertPokemon","location":"app/com.example.pokeapp.data.database/-pokemon-dao/insert-pokemon.html","searchKeys":["insertPokemon","abstract suspend fun insertPokemon(pokemon: DbPokemon)","com.example.pokeapp.data.database.PokemonDao.insertPokemon"]},{"name":"abstract suspend fun insertPokemon(pokemon: Pokemon)","description":"com.example.pokeapp.data.AppRepository.insertPokemon","location":"app/com.example.pokeapp.data/-app-repository/insert-pokemon.html","searchKeys":["insertPokemon","abstract suspend fun insertPokemon(pokemon: Pokemon)","com.example.pokeapp.data.AppRepository.insertPokemon"]},{"name":"abstract suspend fun insertType(type: DbType)","description":"com.example.pokeapp.data.database.TypeDao.insertType","location":"app/com.example.pokeapp.data.database/-type-dao/insert-type.html","searchKeys":["insertType","abstract suspend fun insertType(type: DbType)","com.example.pokeapp.data.database.TypeDao.insertType"]},{"name":"abstract suspend fun insertType(type: Type)","description":"com.example.pokeapp.data.AppRepository.insertType","location":"app/com.example.pokeapp.data/-app-repository/insert-type.html","searchKeys":["insertType","abstract suspend fun insertType(type: Type)","com.example.pokeapp.data.AppRepository.insertType"]},{"name":"abstract suspend fun refreshGeneration()","description":"com.example.pokeapp.data.AppRepository.refreshGeneration","location":"app/com.example.pokeapp.data/-app-repository/refresh-generation.html","searchKeys":["refreshGeneration","abstract suspend fun refreshGeneration()","com.example.pokeapp.data.AppRepository.refreshGeneration"]},{"name":"abstract suspend fun refreshPokemon()","description":"com.example.pokeapp.data.AppRepository.refreshPokemon","location":"app/com.example.pokeapp.data/-app-repository/refresh-pokemon.html","searchKeys":["refreshPokemon","abstract suspend fun refreshPokemon()","com.example.pokeapp.data.AppRepository.refreshPokemon"]},{"name":"abstract suspend fun refreshType()","description":"com.example.pokeapp.data.AppRepository.refreshType","location":"app/com.example.pokeapp.data/-app-repository/refresh-type.html","searchKeys":["refreshType","abstract suspend fun refreshType()","com.example.pokeapp.data.AppRepository.refreshType"]},{"name":"abstract val appRepository: AppRepository","description":"com.example.pokeapp.data.AppContainer.appRepository","location":"app/com.example.pokeapp.data/-app-container/app-repository.html","searchKeys":["appRepository","abstract val appRepository: AppRepository","com.example.pokeapp.data.AppContainer.appRepository"]},{"name":"class AppApplication : Application","description":"com.example.pokeapp.AppApplication","location":"app/com.example.pokeapp/-app-application/index.html","searchKeys":["AppApplication","class AppApplication : Application","com.example.pokeapp.AppApplication"]},{"name":"class CachingAppRepository(apiService: ApiService, generationDao: GenerationDao, typeDao: TypeDao, pokemonDao: PokemonDao) : AppRepository","description":"com.example.pokeapp.data.CachingAppRepository","location":"app/com.example.pokeapp.data/-caching-app-repository/index.html","searchKeys":["CachingAppRepository","class CachingAppRepository(apiService: ApiService, generationDao: GenerationDao, typeDao: TypeDao, pokemonDao: PokemonDao) : AppRepository","com.example.pokeapp.data.CachingAppRepository"]},{"name":"class DbGeneration(val name: String)","description":"com.example.pokeapp.data.database.DbGeneration","location":"app/com.example.pokeapp.data.database/-db-generation/index.html","searchKeys":["DbGeneration","class DbGeneration(val name: String)","com.example.pokeapp.data.database.DbGeneration"]},{"name":"class DbPokemon(val name: String, val url: String)","description":"com.example.pokeapp.data.database.DbPokemon","location":"app/com.example.pokeapp.data.database/-db-pokemon/index.html","searchKeys":["DbPokemon","class DbPokemon(val name: String, val url: String)","com.example.pokeapp.data.database.DbPokemon"]},{"name":"class DbType(val type: String)","description":"com.example.pokeapp.data.database.DbType","location":"app/com.example.pokeapp.data.database/-db-type/index.html","searchKeys":["DbType","class DbType(val type: String)","com.example.pokeapp.data.database.DbType"]},{"name":"class DefaultAppContainer(context: Context) : AppContainer","description":"com.example.pokeapp.data.DefaultAppContainer","location":"app/com.example.pokeapp.data/-default-app-container/index.html","searchKeys":["DefaultAppContainer","class DefaultAppContainer(context: Context) : AppContainer","com.example.pokeapp.data.DefaultAppContainer"]},{"name":"class HomeViewModel(appRepository: AppRepository) : ViewModel","description":"com.example.pokeapp.viewmodel.HomeViewModel","location":"app/com.example.pokeapp.viewmodel/-home-view-model/index.html","searchKeys":["HomeViewModel","class HomeViewModel(appRepository: AppRepository) : ViewModel","com.example.pokeapp.viewmodel.HomeViewModel"]},{"name":"class MainActivity : ComponentActivity","description":"com.example.pokeapp.MainActivity","location":"app/com.example.pokeapp/-main-activity/index.html","searchKeys":["MainActivity","class MainActivity : ComponentActivity","com.example.pokeapp.MainActivity"]},{"name":"class PokemonDetailViewModel(appRepository: AppRepository) : ViewModel","description":"com.example.pokeapp.viewmodel.PokemonDetailViewModel","location":"app/com.example.pokeapp.viewmodel/-pokemon-detail-view-model/index.html","searchKeys":["PokemonDetailViewModel","class PokemonDetailViewModel(appRepository: AppRepository) : ViewModel","com.example.pokeapp.viewmodel.PokemonDetailViewModel"]},{"name":"class PokemonViewModel(appRepository: AppRepository) : ViewModel","description":"com.example.pokeapp.viewmodel.PokemonViewModel","location":"app/com.example.pokeapp.viewmodel/-pokemon-view-model/index.html","searchKeys":["PokemonViewModel","class PokemonViewModel(appRepository: AppRepository) : ViewModel","com.example.pokeapp.viewmodel.PokemonViewModel"]},{"name":"constructor()","description":"com.example.pokeapp.AppApplication.AppApplication","location":"app/com.example.pokeapp/-app-application/-app-application.html","searchKeys":["AppApplication","constructor()","com.example.pokeapp.AppApplication.AppApplication"]},{"name":"constructor()","description":"com.example.pokeapp.MainActivity.MainActivity","location":"app/com.example.pokeapp/-main-activity/-main-activity.html","searchKeys":["MainActivity","constructor()","com.example.pokeapp.MainActivity.MainActivity"]},{"name":"constructor()","description":"com.example.pokeapp.data.database.AppDatabase.AppDatabase","location":"app/com.example.pokeapp.data.database/-app-database/-app-database.html","searchKeys":["AppDatabase","constructor()","com.example.pokeapp.data.database.AppDatabase.AppDatabase"]},{"name":"constructor(apiService: ApiService, generationDao: GenerationDao, typeDao: TypeDao, pokemonDao: PokemonDao)","description":"com.example.pokeapp.data.CachingAppRepository.CachingAppRepository","location":"app/com.example.pokeapp.data/-caching-app-repository/-caching-app-repository.html","searchKeys":["CachingAppRepository","constructor(apiService: ApiService, generationDao: GenerationDao, typeDao: TypeDao, pokemonDao: PokemonDao)","com.example.pokeapp.data.CachingAppRepository.CachingAppRepository"]},{"name":"constructor(appRepository: AppRepository)","description":"com.example.pokeapp.viewmodel.HomeViewModel.HomeViewModel","location":"app/com.example.pokeapp.viewmodel/-home-view-model/-home-view-model.html","searchKeys":["HomeViewModel","constructor(appRepository: AppRepository)","com.example.pokeapp.viewmodel.HomeViewModel.HomeViewModel"]},{"name":"constructor(appRepository: AppRepository)","description":"com.example.pokeapp.viewmodel.PokemonDetailViewModel.PokemonDetailViewModel","location":"app/com.example.pokeapp.viewmodel/-pokemon-detail-view-model/-pokemon-detail-view-model.html","searchKeys":["PokemonDetailViewModel","constructor(appRepository: AppRepository)","com.example.pokeapp.viewmodel.PokemonDetailViewModel.PokemonDetailViewModel"]},{"name":"constructor(appRepository: AppRepository)","description":"com.example.pokeapp.viewmodel.PokemonViewModel.PokemonViewModel","location":"app/com.example.pokeapp.viewmodel/-pokemon-view-model/-pokemon-view-model.html","searchKeys":["PokemonViewModel","constructor(appRepository: AppRepository)","com.example.pokeapp.viewmodel.PokemonViewModel.PokemonViewModel"]},{"name":"constructor(context: Context)","description":"com.example.pokeapp.data.DefaultAppContainer.DefaultAppContainer","location":"app/com.example.pokeapp.data/-default-app-container/-default-app-container.html","searchKeys":["DefaultAppContainer","constructor(context: Context)","com.example.pokeapp.data.DefaultAppContainer.DefaultAppContainer"]},{"name":"constructor(genetationList: List<Generation> = listOf())","description":"com.example.pokeapp.network.GamesApi.GenerationListState.GenerationListState","location":"app/com.example.pokeapp.network.GamesApi/-generation-list-state/-generation-list-state.html","searchKeys":["GenerationListState","constructor(genetationList: List<Generation> = listOf())","com.example.pokeapp.network.GamesApi.GenerationListState.GenerationListState"]},{"name":"constructor(id: Int, name: String? = null, height: Int? = 100, weight: Int? = 100)","description":"com.example.pokeapp.network.PokemonApi.ApiPokemonDetail.ApiPokemonDetail","location":"app/com.example.pokeapp.network.PokemonApi/-api-pokemon-detail/-api-pokemon-detail.html","searchKeys":["ApiPokemonDetail","constructor(id: Int, name: String? = null, height: Int? = 100, weight: Int? = 100)","com.example.pokeapp.network.PokemonApi.ApiPokemonDetail.ApiPokemonDetail"]},{"name":"constructor(id: Int, name: String? = null, height: Int? = null, weight: Int? = null, image: String = image(id))","description":"com.example.pokeapp.model.Pokemon.PokemonDetail.PokemonDetail","location":"app/com.example.pokeapp.model.Pokemon/-pokemon-detail/-pokemon-detail.html","searchKeys":["PokemonDetail","constructor(id: Int, name: String? = null, height: Int? = null, weight: Int? = null, image: String = image(id))","com.example.pokeapp.model.Pokemon.PokemonDetail.PokemonDetail"]},{"name":"constructor(name: String)","description":"com.example.pokeapp.data.database.DbGeneration.DbGeneration","location":"app/com.example.pokeapp.data.database/-db-generation/-db-generation.html","searchKeys":["DbGeneration","constructor(name: String)","com.example.pokeapp.data.database.DbGeneration.DbGeneration"]},{"name":"constructor(name: String)","description":"com.example.pokeapp.network.GamesApi.APIGeneration.APIGeneration","location":"app/com.example.pokeapp.network.GamesApi/-a-p-i-generation/-a-p-i-generation.html","searchKeys":["APIGeneration","constructor(name: String)","com.example.pokeapp.network.GamesApi.APIGeneration.APIGeneration"]},{"name":"constructor(name: String)","description":"com.example.pokeapp.network.TypeApi.APIType.APIType","location":"app/com.example.pokeapp.network.TypeApi/-a-p-i-type/-a-p-i-type.html","searchKeys":["APIType","constructor(name: String)","com.example.pokeapp.network.TypeApi.APIType.APIType"]},{"name":"constructor(name: String, image: String = \"https://picsum.photos/200/300?random=\")","description":"com.example.pokeapp.model.Games.Generation.Generation","location":"app/com.example.pokeapp.model.Games/-generation/-generation.html","searchKeys":["Generation","constructor(name: String, image: String = \"https://picsum.photos/200/300?random=\")","com.example.pokeapp.model.Games.Generation.Generation"]},{"name":"constructor(name: String, url: String)","description":"com.example.pokeapp.data.database.DbPokemon.DbPokemon","location":"app/com.example.pokeapp.data.database/-db-pokemon/-db-pokemon.html","searchKeys":["DbPokemon","constructor(name: String, url: String)","com.example.pokeapp.data.database.DbPokemon.DbPokemon"]},{"name":"constructor(name: String, url: String)","description":"com.example.pokeapp.network.PokemonApi.ApiPokemon.ApiPokemon","location":"app/com.example.pokeapp.network.PokemonApi/-api-pokemon/-api-pokemon.html","searchKeys":["ApiPokemon","constructor(name: String, url: String)","com.example.pokeapp.network.PokemonApi.ApiPokemon.ApiPokemon"]},{"name":"constructor(name: String, url: String, image: String = img(url), PokedexNr: Int = extractNumber(url).toInt())","description":"com.example.pokeapp.model.Pokemon.Pokemon.Pokemon","location":"app/com.example.pokeapp.model.Pokemon/-pokemon/-pokemon.html","searchKeys":["Pokemon","constructor(name: String, url: String, image: String = img(url), PokedexNr: Int = extractNumber(url).toInt())","com.example.pokeapp.model.Pokemon.Pokemon.Pokemon"]},{"name":"constructor(pokemonDetail: PokemonDetail?)","description":"com.example.pokeapp.network.PokemonApi.ApiPokemonDetailState.Success.Success","location":"app/com.example.pokeapp.network.PokemonApi/-api-pokemon-detail-state/-success/-success.html","searchKeys":["Success","constructor(pokemonDetail: PokemonDetail?)","com.example.pokeapp.network.PokemonApi.ApiPokemonDetailState.Success.Success"]},{"name":"constructor(pokemonList: List<Pokemon> = listOf())","description":"com.example.pokeapp.network.PokemonApi.PokemonListState.PokemonListState","location":"app/com.example.pokeapp.network.PokemonApi/-pokemon-list-state/-pokemon-list-state.html","searchKeys":["PokemonListState","constructor(pokemonList: List<Pokemon> = listOf())","com.example.pokeapp.network.PokemonApi.PokemonListState.PokemonListState"]},{"name":"constructor(results: List<APIGeneration>)","description":"com.example.pokeapp.network.GamesApi.ApiGameResponse.ApiGameResponse","location":"app/com.example.pokeapp.network.GamesApi/-api-game-response/-api-game-response.html","searchKeys":["ApiGameResponse","constructor(results: List<APIGeneration>)","com.example.pokeapp.network.GamesApi.ApiGameResponse.ApiGameResponse"]},{"name":"constructor(results: List<APIType>)","description":"com.example.pokeapp.network.TypeApi.ApiTypeResponse.ApiTypeResponse","location":"app/com.example.pokeapp.network.TypeApi/-api-type-response/-api-type-response.html","searchKeys":["ApiTypeResponse","constructor(results: List<APIType>)","com.example.pokeapp.network.TypeApi.ApiTypeResponse.ApiTypeResponse"]},{"name":"constructor(results: List<ApiPokemon>)","description":"com.example.pokeapp.network.PokemonApi.ApiPokemonResponse.ApiPokemonResponse","location":"app/com.example.pokeapp.network.PokemonApi/-api-pokemon-response/-api-pokemon-response.html","searchKeys":["ApiPokemonResponse","constructor(results: List<ApiPokemon>)","com.example.pokeapp.network.PokemonApi.ApiPokemonResponse.ApiPokemonResponse"]},{"name":"constructor(type: String)","description":"com.example.pokeapp.data.database.DbType.DbType","location":"app/com.example.pokeapp.data.database/-db-type/-db-type.html","searchKeys":["DbType","constructor(type: String)","com.example.pokeapp.data.database.DbType.DbType"]},{"name":"constructor(type: String, image: String = \"https://picsum.photos/200/300?random=\")","description":"com.example.pokeapp.model.Type.Type.Type","location":"app/com.example.pokeapp.model.Type/-type/-type.html","searchKeys":["Type","constructor(type: String, image: String = \"https://picsum.photos/200/300?random=\")","com.example.pokeapp.model.Type.Type.Type"]},{"name":"constructor(typeList: List<Type> = listOf())","description":"com.example.pokeapp.network.TypeApi.TypeListState.TypeListState","location":"app/com.example.pokeapp.network.TypeApi/-type-list-state/-type-list-state.html","searchKeys":["TypeListState","constructor(typeList: List<Type> = listOf())","com.example.pokeapp.network.TypeApi.TypeListState.TypeListState"]},{"name":"data class APIGeneration(val name: String)","description":"com.example.pokeapp.network.GamesApi.APIGeneration","location":"app/com.example.pokeapp.network.GamesApi/-a-p-i-generation/index.html","searchKeys":["APIGeneration","data class APIGeneration(val name: String)","com.example.pokeapp.network.GamesApi.APIGeneration"]},{"name":"data class APIType(val name: String)","description":"com.example.pokeapp.network.TypeApi.APIType","location":"app/com.example.pokeapp.network.TypeApi/-a-p-i-type/index.html","searchKeys":["APIType","data class APIType(val name: String)","com.example.pokeapp.network.TypeApi.APIType"]},{"name":"data class ApiGameResponse(val results: List<APIGeneration>)","description":"com.example.pokeapp.network.GamesApi.ApiGameResponse","location":"app/com.example.pokeapp.network.GamesApi/-api-game-response/index.html","searchKeys":["ApiGameResponse","data class ApiGameResponse(val results: List<APIGeneration>)","com.example.pokeapp.network.GamesApi.ApiGameResponse"]},{"name":"data class ApiPokemon(val name: String, val url: String)","description":"com.example.pokeapp.network.PokemonApi.ApiPokemon","location":"app/com.example.pokeapp.network.PokemonApi/-api-pokemon/index.html","searchKeys":["ApiPokemon","data class ApiPokemon(val name: String, val url: String)","com.example.pokeapp.network.PokemonApi.ApiPokemon"]},{"name":"data class ApiPokemonDetail(val id: Int, val name: String? = null, val height: Int? = 100, val weight: Int? = 100)","description":"com.example.pokeapp.network.PokemonApi.ApiPokemonDetail","location":"app/com.example.pokeapp.network.PokemonApi/-api-pokemon-detail/index.html","searchKeys":["ApiPokemonDetail","data class ApiPokemonDetail(val id: Int, val name: String? = null, val height: Int? = 100, val weight: Int? = 100)","com.example.pokeapp.network.PokemonApi.ApiPokemonDetail"]},{"name":"data class ApiPokemonResponse(val results: List<ApiPokemon>)","description":"com.example.pokeapp.network.PokemonApi.ApiPokemonResponse","location":"app/com.example.pokeapp.network.PokemonApi/-api-pokemon-response/index.html","searchKeys":["ApiPokemonResponse","data class ApiPokemonResponse(val results: List<ApiPokemon>)","com.example.pokeapp.network.PokemonApi.ApiPokemonResponse"]},{"name":"data class ApiTypeResponse(val results: List<APIType>)","description":"com.example.pokeapp.network.TypeApi.ApiTypeResponse","location":"app/com.example.pokeapp.network.TypeApi/-api-type-response/index.html","searchKeys":["ApiTypeResponse","data class ApiTypeResponse(val results: List<APIType>)","com.example.pokeapp.network.TypeApi.ApiTypeResponse"]},{"name":"data class Generation(val name: String, val image: String = \"https://picsum.photos/200/300?random=\")","description":"com.example.pokeapp.model.Games.Generation","location":"app/com.example.pokeapp.model.Games/-generation/index.html","searchKeys":["Generation","data class Generation(val name: String, val image: String = \"https://picsum.photos/200/300?random=\")","com.example.pokeapp.model.Games.Generation"]},{"name":"data class GenerationListState(val genetationList: List<Generation> = listOf())","description":"com.example.pokeapp.network.GamesApi.GenerationListState","location":"app/com.example.pokeapp.network.GamesApi/-generation-list-state/index.html","searchKeys":["GenerationListState","data class GenerationListState(val genetationList: List<Generation> = listOf())","com.example.pokeapp.network.GamesApi.GenerationListState"]},{"name":"data class Pokemon(val name: String, val url: String, val image: String = img(url), val PokedexNr: Int = extractNumber(url).toInt())","description":"com.example.pokeapp.model.Pokemon.Pokemon","location":"app/com.example.pokeapp.model.Pokemon/-pokemon/index.html","searchKeys":["Pokemon","data class Pokemon(val name: String, val url: String, val image: String = img(url), val PokedexNr: Int = extractNumber(url).toInt())","com.example.pokeapp.model.Pokemon.Pokemon"]},{"name":"data class PokemonDetail(val id: Int, val name: String? = null, val height: Int? = null, val weight: Int? = null, val image: String = image(id))","description":"com.example.pokeapp.model.Pokemon.PokemonDetail","location":"app/com.example.pokeapp.model.Pokemon/-pokemon-detail/index.html","searchKeys":["PokemonDetail","data class PokemonDetail(val id: Int, val name: String? = null, val height: Int? = null, val weight: Int? = null, val image: String = image(id))","com.example.pokeapp.model.Pokemon.PokemonDetail"]},{"name":"data class PokemonListState(val pokemonList: List<Pokemon> = listOf())","description":"com.example.pokeapp.network.PokemonApi.PokemonListState","location":"app/com.example.pokeapp.network.PokemonApi/-pokemon-list-state/index.html","searchKeys":["PokemonListState","data class PokemonListState(val pokemonList: List<Pokemon> = listOf())","com.example.pokeapp.network.PokemonApi.PokemonListState"]},{"name":"data class Success(val pokemonDetail: PokemonDetail?) : ApiPokemonDetailState","description":"com.example.pokeapp.network.PokemonApi.ApiPokemonDetailState.Success","location":"app/com.example.pokeapp.network.PokemonApi/-api-pokemon-detail-state/-success/index.html","searchKeys":["Success","data class Success(val pokemonDetail: PokemonDetail?) : ApiPokemonDetailState","com.example.pokeapp.network.PokemonApi.ApiPokemonDetailState.Success"]},{"name":"data class Type(val type: String, val image: String = \"https://picsum.photos/200/300?random=\")","description":"com.example.pokeapp.model.Type.Type","location":"app/com.example.pokeapp.model.Type/-type/index.html","searchKeys":["Type","data class Type(val type: String, val image: String = \"https://picsum.photos/200/300?random=\")","com.example.pokeapp.model.Type.Type"]},{"name":"data class TypeListState(val typeList: List<Type> = listOf())","description":"com.example.pokeapp.network.TypeApi.TypeListState","location":"app/com.example.pokeapp.network.TypeApi/-type-list-state/index.html","searchKeys":["TypeListState","data class TypeListState(val typeList: List<Type> = listOf())","com.example.pokeapp.network.TypeApi.TypeListState"]},{"name":"enum Destinations : Enum<Destinations> ","description":"com.example.pokeapp.ui.components.Destinations","location":"app/com.example.pokeapp.ui.components/-destinations/index.html","searchKeys":["Destinations","enum Destinations : Enum<Destinations> ","com.example.pokeapp.ui.components.Destinations"]},{"name":"enum NavigationType : Enum<NavigationType> ","description":"com.example.pokeapp.ui.components.NavigationType","location":"app/com.example.pokeapp.ui.components/-navigation-type/index.html","searchKeys":["NavigationType","enum NavigationType : Enum<NavigationType> ","com.example.pokeapp.ui.components.NavigationType"]},{"name":"fun ApiGameResponse.asDomainObjects(): List<Generation>","description":"com.example.pokeapp.network.GamesApi.asDomainObjects","location":"app/com.example.pokeapp.network.GamesApi/as-domain-objects.html","searchKeys":["asDomainObjects","fun ApiGameResponse.asDomainObjects(): List<Generation>","com.example.pokeapp.network.GamesApi.asDomainObjects"]},{"name":"fun ApiPokemonDetail.asDomainObject(): PokemonDetail","description":"com.example.pokeapp.network.PokemonApi.asDomainObject","location":"app/com.example.pokeapp.network.PokemonApi/as-domain-object.html","searchKeys":["asDomainObject","fun ApiPokemonDetail.asDomainObject(): PokemonDetail","com.example.pokeapp.network.PokemonApi.asDomainObject"]},{"name":"fun ApiPokemonResponse.asDomainObjects(): List<Pokemon>","description":"com.example.pokeapp.network.PokemonApi.asDomainObjects","location":"app/com.example.pokeapp.network.PokemonApi/as-domain-objects.html","searchKeys":["asDomainObjects","fun ApiPokemonResponse.asDomainObjects(): List<Pokemon>","com.example.pokeapp.network.PokemonApi.asDomainObjects"]},{"name":"fun ApiService.getGenerationAsFlow(): Flow<ApiGameResponse>","description":"com.example.pokeapp.network.getGenerationAsFlow","location":"app/com.example.pokeapp.network/get-generation-as-flow.html","searchKeys":["getGenerationAsFlow","fun ApiService.getGenerationAsFlow(): Flow<ApiGameResponse>","com.example.pokeapp.network.getGenerationAsFlow"]},{"name":"fun ApiService.getPokemonAsFlow(limit: Int?, offset: Int?): Flow<ApiPokemonResponse>","description":"com.example.pokeapp.network.getPokemonAsFlow","location":"app/com.example.pokeapp.network/get-pokemon-as-flow.html","searchKeys":["getPokemonAsFlow","fun ApiService.getPokemonAsFlow(limit: Int?, offset: Int?): Flow<ApiPokemonResponse>","com.example.pokeapp.network.getPokemonAsFlow"]},{"name":"fun ApiService.getTypeAsFlow(): Flow<ApiTypeResponse>","description":"com.example.pokeapp.network.getTypeAsFlow","location":"app/com.example.pokeapp.network/get-type-as-flow.html","searchKeys":["getTypeAsFlow","fun ApiService.getTypeAsFlow(): Flow<ApiTypeResponse>","com.example.pokeapp.network.getTypeAsFlow"]},{"name":"fun ApiTypeResponse.asDomainObjects(): List<Type>","description":"com.example.pokeapp.network.TypeApi.asDomainObjects","location":"app/com.example.pokeapp.network.TypeApi/as-domain-objects.html","searchKeys":["asDomainObjects","fun ApiTypeResponse.asDomainObjects(): List<Type>","com.example.pokeapp.network.TypeApi.asDomainObjects"]},{"name":"fun BottomBar(currentBackStackEntry: String?, onHome: () -> Unit, onPokemonList: () -> Unit)","description":"com.example.pokeapp.ui.components.BottomBar","location":"app/com.example.pokeapp.ui.components/-bottom-bar.html","searchKeys":["BottomBar","fun BottomBar(currentBackStackEntry: String?, onHome: () -> Unit, onPokemonList: () -> Unit)","com.example.pokeapp.ui.components.BottomBar"]},{"name":"fun DbGeneration.asDomainGeneration(): Generation","description":"com.example.pokeapp.data.database.asDomainGeneration","location":"app/com.example.pokeapp.data.database/as-domain-generation.html","searchKeys":["asDomainGeneration","fun DbGeneration.asDomainGeneration(): Generation","com.example.pokeapp.data.database.asDomainGeneration"]},{"name":"fun DbPokemon.asDomainPokemon(): Pokemon","description":"com.example.pokeapp.data.database.asDomainPokemon","location":"app/com.example.pokeapp.data.database/as-domain-pokemon.html","searchKeys":["asDomainPokemon","fun DbPokemon.asDomainPokemon(): Pokemon","com.example.pokeapp.data.database.asDomainPokemon"]},{"name":"fun DbType.asDomainType(): Type","description":"com.example.pokeapp.data.database.asDomainType","location":"app/com.example.pokeapp.data.database/as-domain-type.html","searchKeys":["asDomainType","fun DbType.asDomainType(): Type","com.example.pokeapp.data.database.asDomainType"]},{"name":"fun Flow<ApiGameResponse>.asDomainObjects(): Flow<List<Generation>>","description":"com.example.pokeapp.network.GamesApi.asDomainObjects","location":"app/com.example.pokeapp.network.GamesApi/as-domain-objects.html","searchKeys":["asDomainObjects","fun Flow<ApiGameResponse>.asDomainObjects(): Flow<List<Generation>>","com.example.pokeapp.network.GamesApi.asDomainObjects"]},{"name":"fun Flow<ApiPokemonResponse>.asDomainObjects(): Flow<List<Pokemon>>","description":"com.example.pokeapp.network.PokemonApi.asDomainObjects","location":"app/com.example.pokeapp.network.PokemonApi/as-domain-objects.html","searchKeys":["asDomainObjects","fun Flow<ApiPokemonResponse>.asDomainObjects(): Flow<List<Pokemon>>","com.example.pokeapp.network.PokemonApi.asDomainObjects"]},{"name":"fun Flow<ApiTypeResponse>.asDomainObjects(): Flow<List<Type>>","description":"com.example.pokeapp.network.TypeApi.asDomainObjects","location":"app/com.example.pokeapp.network.TypeApi/as-domain-objects.html","searchKeys":["asDomainObjects","fun Flow<ApiTypeResponse>.asDomainObjects(): Flow<List<Type>>","com.example.pokeapp.network.TypeApi.asDomainObjects"]},{"name":"fun GenCard(generation: Generation, modifier: Modifier = Modifier)","description":"com.example.pokeapp.ui.Home.GenCard","location":"app/com.example.pokeapp.ui.Home/-gen-card.html","searchKeys":["GenCard","fun GenCard(generation: Generation, modifier: Modifier = Modifier)","com.example.pokeapp.ui.Home.GenCard"]},{"name":"fun Generation.asDbGeneration(): DbGeneration","description":"com.example.pokeapp.data.database.asDbGeneration","location":"app/com.example.pokeapp.data.database/as-db-generation.html","searchKeys":["asDbGeneration","fun Generation.asDbGeneration(): DbGeneration","com.example.pokeapp.data.database.asDbGeneration"]},{"name":"fun HomeOverview(viewModel: HomeViewModel = viewModel(factory = HomeViewModel.Factory ), navigationType: NavigationType)","description":"com.example.pokeapp.ui.Home.HomeOverview","location":"app/com.example.pokeapp.ui.Home/-home-overview.html","searchKeys":["HomeOverview","fun HomeOverview(viewModel: HomeViewModel = viewModel(factory = HomeViewModel.Factory ), navigationType: NavigationType)","com.example.pokeapp.ui.Home.HomeOverview"]},{"name":"fun List<DbGeneration>.asDomainGenerations(): List<Generation>","description":"com.example.pokeapp.data.database.asDomainGenerations","location":"app/com.example.pokeapp.data.database/as-domain-generations.html","searchKeys":["asDomainGenerations","fun List<DbGeneration>.asDomainGenerations(): List<Generation>","com.example.pokeapp.data.database.asDomainGenerations"]},{"name":"fun List<DbPokemon>.asDomainPokemon(): List<Pokemon>","description":"com.example.pokeapp.data.database.asDomainPokemon","location":"app/com.example.pokeapp.data.database/as-domain-pokemon.html","searchKeys":["asDomainPokemon","fun List<DbPokemon>.asDomainPokemon(): List<Pokemon>","com.example.pokeapp.data.database.asDomainPokemon"]},{"name":"fun List<DbType>.asDomainTypes(): List<Type>","description":"com.example.pokeapp.data.database.asDomainTypes","location":"app/com.example.pokeapp.data.database/as-domain-types.html","searchKeys":["asDomainTypes","fun List<DbType>.asDomainTypes(): List<Type>","com.example.pokeapp.data.database.asDomainTypes"]},{"name":"fun MainApplication(navController: NavHostController = rememberNavController(), navigationType: NavigationType)","description":"com.example.pokeapp.ui.components.MainApplication","location":"app/com.example.pokeapp.ui.components/-main-application.html","searchKeys":["MainApplication","fun MainApplication(navController: NavHostController = rememberNavController(), navigationType: NavigationType)","com.example.pokeapp.ui.components.MainApplication"]},{"name":"fun PokeAppTheme(darkTheme: Boolean = isSystemInDarkTheme(), dynamicColor: Boolean = true, content: () -> Unit)","description":"com.example.pokeapp.ui.theme.PokeAppTheme","location":"app/com.example.pokeapp.ui.theme/-poke-app-theme.html","searchKeys":["PokeAppTheme","fun PokeAppTheme(darkTheme: Boolean = isSystemInDarkTheme(), dynamicColor: Boolean = true, content: () -> Unit)","com.example.pokeapp.ui.theme.PokeAppTheme"]},{"name":"fun Pokemon.asDbPokemon(): DbPokemon","description":"com.example.pokeapp.data.database.asDbPokemon","location":"app/com.example.pokeapp.data.database/as-db-pokemon.html","searchKeys":["asDbPokemon","fun Pokemon.asDbPokemon(): DbPokemon","com.example.pokeapp.data.database.asDbPokemon"]},{"name":"fun PokemonCardBottom(pokemon: Pokemon, onPokemonClick: (String) -> Unit)","description":"com.example.pokeapp.ui.PokemonScreen.PokemonCardBottom","location":"app/com.example.pokeapp.ui.PokemonScreen/-pokemon-card-bottom.html","searchKeys":["PokemonCardBottom","fun PokemonCardBottom(pokemon: Pokemon, onPokemonClick: (String) -> Unit)","com.example.pokeapp.ui.PokemonScreen.PokemonCardBottom"]},{"name":"fun PokemonCardRail(pokemon: Pokemon, onPokemonClick: (String) -> Unit)","description":"com.example.pokeapp.ui.PokemonScreen.PokemonCardRail","location":"app/com.example.pokeapp.ui.PokemonScreen/-pokemon-card-rail.html","searchKeys":["PokemonCardRail","fun PokemonCardRail(pokemon: Pokemon, onPokemonClick: (String) -> Unit)","com.example.pokeapp.ui.PokemonScreen.PokemonCardRail"]},{"name":"fun PokemonDetailScreen(pokemonName: String, viewmodel: PokemonDetailViewModel = viewModel(factory = PokemonDetailViewModel.Factory), navigationType: NavigationType)","description":"com.example.pokeapp.ui.PokemonScreen.PokemonDetailScreen","location":"app/com.example.pokeapp.ui.PokemonScreen/-pokemon-detail-screen.html","searchKeys":["PokemonDetailScreen","fun PokemonDetailScreen(pokemonName: String, viewmodel: PokemonDetailViewModel = viewModel(factory = PokemonDetailViewModel.Factory), navigationType: NavigationType)","com.example.pokeapp.ui.PokemonScreen.PokemonDetailScreen"]},{"name":"fun PokemonDetailScreenBottom(pokemon: PokemonDetail)","description":"com.example.pokeapp.ui.PokemonScreen.PokemonDetailScreenBottom","location":"app/com.example.pokeapp.ui.PokemonScreen/-pokemon-detail-screen-bottom.html","searchKeys":["PokemonDetailScreenBottom","fun PokemonDetailScreenBottom(pokemon: PokemonDetail)","com.example.pokeapp.ui.PokemonScreen.PokemonDetailScreenBottom"]},{"name":"fun PokemonDetailScreenRail(pokemon: PokemonDetail)","description":"com.example.pokeapp.ui.PokemonScreen.PokemonDetailScreenRail","location":"app/com.example.pokeapp.ui.PokemonScreen/-pokemon-detail-screen-rail.html","searchKeys":["PokemonDetailScreenRail","fun PokemonDetailScreenRail(pokemon: PokemonDetail)","com.example.pokeapp.ui.PokemonScreen.PokemonDetailScreenRail"]},{"name":"fun PokemonScreen(pokemons: List<Pokemon>, onPokemonClick: (String) -> Unit, navigationType: NavigationType, viewModel: PokemonViewModel = viewModel(factory = PokemonViewModel.Factory))","description":"com.example.pokeapp.ui.PokemonScreen.PokemonScreen","location":"app/com.example.pokeapp.ui.PokemonScreen/-pokemon-screen.html","searchKeys":["PokemonScreen","fun PokemonScreen(pokemons: List<Pokemon>, onPokemonClick: (String) -> Unit, navigationType: NavigationType, viewModel: PokemonViewModel = viewModel(factory = PokemonViewModel.Factory))","com.example.pokeapp.ui.PokemonScreen.PokemonScreen"]},{"name":"fun PokemonScreenOverview(viewModel: PokemonViewModel = viewModel(factory = PokemonViewModel.Factory), goPokemonDetailScreen: (String) -> Unit, navigationType: NavigationType)","description":"com.example.pokeapp.ui.PokemonScreen.PokemonScreenOverview","location":"app/com.example.pokeapp.ui.PokemonScreen/-pokemon-screen-overview.html","searchKeys":["PokemonScreenOverview","fun PokemonScreenOverview(viewModel: PokemonViewModel = viewModel(factory = PokemonViewModel.Factory), goPokemonDetailScreen: (String) -> Unit, navigationType: NavigationType)","com.example.pokeapp.ui.PokemonScreen.PokemonScreenOverview"]},{"name":"fun RailNavigation(currentBackStackEntry: String?, onHome: () -> Unit, onPokemonList: () -> Unit)","description":"com.example.pokeapp.ui.components.RailNavigation","location":"app/com.example.pokeapp.ui.components/-rail-navigation.html","searchKeys":["RailNavigation","fun RailNavigation(currentBackStackEntry: String?, onHome: () -> Unit, onPokemonList: () -> Unit)","com.example.pokeapp.ui.components.RailNavigation"]},{"name":"fun ScaffoldExamplePreview()","description":"com.example.pokeapp.ui.components.ScaffoldExamplePreview","location":"app/com.example.pokeapp.ui.components/-scaffold-example-preview.html","searchKeys":["ScaffoldExamplePreview","fun ScaffoldExamplePreview()","com.example.pokeapp.ui.components.ScaffoldExamplePreview"]},{"name":"fun TopBar(navigationIcon: () -> Unit)","description":"com.example.pokeapp.ui.components.TopBar","location":"app/com.example.pokeapp.ui.components/-top-bar.html","searchKeys":["TopBar","fun TopBar(navigationIcon: () -> Unit)","com.example.pokeapp.ui.components.TopBar"]},{"name":"fun Type.asDbType(): DbType","description":"com.example.pokeapp.data.database.asDbType","location":"app/com.example.pokeapp.data.database/as-db-type.html","searchKeys":["asDbType","fun Type.asDbType(): DbType","com.example.pokeapp.data.database.asDbType"]},{"name":"fun TypeCard(type: Type, modifier: Modifier = Modifier)","description":"com.example.pokeapp.ui.Home.TypeCard","location":"app/com.example.pokeapp.ui.Home/-type-card.html","searchKeys":["TypeCard","fun TypeCard(type: Type, modifier: Modifier = Modifier)","com.example.pokeapp.ui.Home.TypeCard"]},{"name":"fun extractNumber(url: String): String","description":"com.example.pokeapp.model.Pokemon.extractNumber","location":"app/com.example.pokeapp.model.Pokemon/extract-number.html","searchKeys":["extractNumber","fun extractNumber(url: String): String","com.example.pokeapp.model.Pokemon.extractNumber"]},{"name":"fun fetchPokemonByName(name: String)","description":"com.example.pokeapp.viewmodel.PokemonViewModel.fetchPokemonByName","location":"app/com.example.pokeapp.viewmodel/-pokemon-view-model/fetch-pokemon-by-name.html","searchKeys":["fetchPokemonByName","fun fetchPokemonByName(name: String)","com.example.pokeapp.viewmodel.PokemonViewModel.fetchPokemonByName"]},{"name":"fun getDatabase(context: Context): AppDatabase","description":"com.example.pokeapp.data.database.AppDatabase.Companion.getDatabase","location":"app/com.example.pokeapp.data.database/-app-database/-companion/get-database.html","searchKeys":["getDatabase","fun getDatabase(context: Context): AppDatabase","com.example.pokeapp.data.database.AppDatabase.Companion.getDatabase"]},{"name":"fun getGenerations()","description":"com.example.pokeapp.viewmodel.HomeViewModel.getGenerations","location":"app/com.example.pokeapp.viewmodel/-home-view-model/get-generations.html","searchKeys":["getGenerations","fun getGenerations()","com.example.pokeapp.viewmodel.HomeViewModel.getGenerations"]},{"name":"fun getPokemon()","description":"com.example.pokeapp.viewmodel.PokemonViewModel.getPokemon","location":"app/com.example.pokeapp.viewmodel/-pokemon-view-model/get-pokemon.html","searchKeys":["getPokemon","fun getPokemon()","com.example.pokeapp.viewmodel.PokemonViewModel.getPokemon"]},{"name":"fun getPokemonDetail(name: String)","description":"com.example.pokeapp.viewmodel.PokemonDetailViewModel.getPokemonDetail","location":"app/com.example.pokeapp.viewmodel/-pokemon-detail-view-model/get-pokemon-detail.html","searchKeys":["getPokemonDetail","fun getPokemonDetail(name: String)","com.example.pokeapp.viewmodel.PokemonDetailViewModel.getPokemonDetail"]},{"name":"fun getTypes()","description":"com.example.pokeapp.viewmodel.HomeViewModel.getTypes","location":"app/com.example.pokeapp.viewmodel/-home-view-model/get-types.html","searchKeys":["getTypes","fun getTypes()","com.example.pokeapp.viewmodel.HomeViewModel.getTypes"]},{"name":"fun image(id: Int): String","description":"com.example.pokeapp.model.Pokemon.image","location":"app/com.example.pokeapp.model.Pokemon/image.html","searchKeys":["image","fun image(id: Int): String","com.example.pokeapp.model.Pokemon.image"]},{"name":"fun img(url: String): String","description":"com.example.pokeapp.model.Pokemon.img","location":"app/com.example.pokeapp.model.Pokemon/img.html","searchKeys":["img","fun img(url: String): String","com.example.pokeapp.model.Pokemon.img"]},{"name":"fun reformatInt(number: Int): String","description":"com.example.pokeapp.model.Pokemon.reformatInt","location":"app/com.example.pokeapp.model.Pokemon/reformat-int.html","searchKeys":["reformatInt","fun reformatInt(number: Int): String","com.example.pokeapp.model.Pokemon.reformatInt"]},{"name":"fun screen(generations: List<Generation>, types: List<Type>, navigationType: NavigationType)","description":"com.example.pokeapp.ui.Home.screen","location":"app/com.example.pokeapp.ui.Home/screen.html","searchKeys":["screen","fun screen(generations: List<Generation>, types: List<Type>, navigationType: NavigationType)","com.example.pokeapp.ui.Home.screen"]},{"name":"fun valueOf(value: String): Destinations","description":"com.example.pokeapp.ui.components.Destinations.valueOf","location":"app/com.example.pokeapp.ui.components/-destinations/value-of.html","searchKeys":["valueOf","fun valueOf(value: String): Destinations","com.example.pokeapp.ui.components.Destinations.valueOf"]},{"name":"fun valueOf(value: String): NavigationType","description":"com.example.pokeapp.ui.components.NavigationType.valueOf","location":"app/com.example.pokeapp.ui.components/-navigation-type/value-of.html","searchKeys":["valueOf","fun valueOf(value: String): NavigationType","com.example.pokeapp.ui.components.NavigationType.valueOf"]},{"name":"fun values(): Array<Destinations>","description":"com.example.pokeapp.ui.components.Destinations.values","location":"app/com.example.pokeapp.ui.components/-destinations/values.html","searchKeys":["values","fun values(): Array<Destinations>","com.example.pokeapp.ui.components.Destinations.values"]},{"name":"fun values(): Array<NavigationType>","description":"com.example.pokeapp.ui.components.NavigationType.values","location":"app/com.example.pokeapp.ui.components/-navigation-type/values.html","searchKeys":["values","fun values(): Array<NavigationType>","com.example.pokeapp.ui.components.NavigationType.values"]},{"name":"interface ApiGameState","description":"com.example.pokeapp.network.GamesApi.ApiGameState","location":"app/com.example.pokeapp.network.GamesApi/-api-game-state/index.html","searchKeys":["ApiGameState","interface ApiGameState","com.example.pokeapp.network.GamesApi.ApiGameState"]},{"name":"interface ApiPokemonDetailState","description":"com.example.pokeapp.network.PokemonApi.ApiPokemonDetailState","location":"app/com.example.pokeapp.network.PokemonApi/-api-pokemon-detail-state/index.html","searchKeys":["ApiPokemonDetailState","interface ApiPokemonDetailState","com.example.pokeapp.network.PokemonApi.ApiPokemonDetailState"]},{"name":"interface ApiPokemonState","description":"com.example.pokeapp.network.PokemonApi.ApiPokemonState","location":"app/com.example.pokeapp.network.PokemonApi/-api-pokemon-state/index.html","searchKeys":["ApiPokemonState","interface ApiPokemonState","com.example.pokeapp.network.PokemonApi.ApiPokemonState"]},{"name":"interface ApiService","description":"com.example.pokeapp.network.ApiService","location":"app/com.example.pokeapp.network/-api-service/index.html","searchKeys":["ApiService","interface ApiService","com.example.pokeapp.network.ApiService"]},{"name":"interface ApiTypeState","description":"com.example.pokeapp.network.TypeApi.ApiTypeState","location":"app/com.example.pokeapp.network.TypeApi/-api-type-state/index.html","searchKeys":["ApiTypeState","interface ApiTypeState","com.example.pokeapp.network.TypeApi.ApiTypeState"]},{"name":"interface AppContainer","description":"com.example.pokeapp.data.AppContainer","location":"app/com.example.pokeapp.data/-app-container/index.html","searchKeys":["AppContainer","interface AppContainer","com.example.pokeapp.data.AppContainer"]},{"name":"interface AppRepository","description":"com.example.pokeapp.data.AppRepository","location":"app/com.example.pokeapp.data/-app-repository/index.html","searchKeys":["AppRepository","interface AppRepository","com.example.pokeapp.data.AppRepository"]},{"name":"interface GenerationDao","description":"com.example.pokeapp.data.database.GenerationDao","location":"app/com.example.pokeapp.data.database/-generation-dao/index.html","searchKeys":["GenerationDao","interface GenerationDao","com.example.pokeapp.data.database.GenerationDao"]},{"name":"interface PokemonDao","description":"com.example.pokeapp.data.database.PokemonDao","location":"app/com.example.pokeapp.data.database/-pokemon-dao/index.html","searchKeys":["PokemonDao","interface PokemonDao","com.example.pokeapp.data.database.PokemonDao"]},{"name":"interface TypeDao","description":"com.example.pokeapp.data.database.TypeDao","location":"app/com.example.pokeapp.data.database/-type-dao/index.html","searchKeys":["TypeDao","interface TypeDao","com.example.pokeapp.data.database.TypeDao"]},{"name":"lateinit var container: AppContainer","description":"com.example.pokeapp.AppApplication.container","location":"app/com.example.pokeapp/-app-application/container.html","searchKeys":["container","lateinit var container: AppContainer","com.example.pokeapp.AppApplication.container"]},{"name":"lateinit var uiGenerationListState: StateFlow<GenerationListState>","description":"com.example.pokeapp.viewmodel.HomeViewModel.uiGenerationListState","location":"app/com.example.pokeapp.viewmodel/-home-view-model/ui-generation-list-state.html","searchKeys":["uiGenerationListState","lateinit var uiGenerationListState: StateFlow<GenerationListState>","com.example.pokeapp.viewmodel.HomeViewModel.uiGenerationListState"]},{"name":"lateinit var uiPokemonListState: StateFlow<PokemonListState>","description":"com.example.pokeapp.viewmodel.PokemonViewModel.uiPokemonListState","location":"app/com.example.pokeapp.viewmodel/-pokemon-view-model/ui-pokemon-list-state.html","searchKeys":["uiPokemonListState","lateinit var uiPokemonListState: StateFlow<PokemonListState>","com.example.pokeapp.viewmodel.PokemonViewModel.uiPokemonListState"]},{"name":"lateinit var uiTypeListState: StateFlow<TypeListState>","description":"com.example.pokeapp.viewmodel.HomeViewModel.uiTypeListState","location":"app/com.example.pokeapp.viewmodel/-home-view-model/ui-type-list-state.html","searchKeys":["uiTypeListState","lateinit var uiTypeListState: StateFlow<TypeListState>","com.example.pokeapp.viewmodel.HomeViewModel.uiTypeListState"]},{"name":"object Companion","description":"com.example.pokeapp.data.database.AppDatabase.Companion","location":"app/com.example.pokeapp.data.database/-app-database/-companion/index.html","searchKeys":["Companion","object Companion","com.example.pokeapp.data.database.AppDatabase.Companion"]},{"name":"object Companion","description":"com.example.pokeapp.viewmodel.HomeViewModel.Companion","location":"app/com.example.pokeapp.viewmodel/-home-view-model/-companion/index.html","searchKeys":["Companion","object Companion","com.example.pokeapp.viewmodel.HomeViewModel.Companion"]},{"name":"object Companion","description":"com.example.pokeapp.viewmodel.PokemonDetailViewModel.Companion","location":"app/com.example.pokeapp.viewmodel/-pokemon-detail-view-model/-companion/index.html","searchKeys":["Companion","object Companion","com.example.pokeapp.viewmodel.PokemonDetailViewModel.Companion"]},{"name":"object Companion","description":"com.example.pokeapp.viewmodel.PokemonViewModel.Companion","location":"app/com.example.pokeapp.viewmodel/-pokemon-view-model/-companion/index.html","searchKeys":["Companion","object Companion","com.example.pokeapp.viewmodel.PokemonViewModel.Companion"]},{"name":"object Error : ApiGameState","description":"com.example.pokeapp.network.GamesApi.ApiGameState.Error","location":"app/com.example.pokeapp.network.GamesApi/-api-game-state/-error/index.html","searchKeys":["Error","object Error : ApiGameState","com.example.pokeapp.network.GamesApi.ApiGameState.Error"]},{"name":"object Error : ApiPokemonDetailState","description":"com.example.pokeapp.network.PokemonApi.ApiPokemonDetailState.Error","location":"app/com.example.pokeapp.network.PokemonApi/-api-pokemon-detail-state/-error/index.html","searchKeys":["Error","object Error : ApiPokemonDetailState","com.example.pokeapp.network.PokemonApi.ApiPokemonDetailState.Error"]},{"name":"object Error : ApiPokemonState","description":"com.example.pokeapp.network.PokemonApi.ApiPokemonState.Error","location":"app/com.example.pokeapp.network.PokemonApi/-api-pokemon-state/-error/index.html","searchKeys":["Error","object Error : ApiPokemonState","com.example.pokeapp.network.PokemonApi.ApiPokemonState.Error"]},{"name":"object Error : ApiTypeState","description":"com.example.pokeapp.network.TypeApi.ApiTypeState.Error","location":"app/com.example.pokeapp.network.TypeApi/-api-type-state/-error/index.html","searchKeys":["Error","object Error : ApiTypeState","com.example.pokeapp.network.TypeApi.ApiTypeState.Error"]},{"name":"object Loading : ApiGameState","description":"com.example.pokeapp.network.GamesApi.ApiGameState.Loading","location":"app/com.example.pokeapp.network.GamesApi/-api-game-state/-loading/index.html","searchKeys":["Loading","object Loading : ApiGameState","com.example.pokeapp.network.GamesApi.ApiGameState.Loading"]},{"name":"object Loading : ApiPokemonDetailState","description":"com.example.pokeapp.network.PokemonApi.ApiPokemonDetailState.Loading","location":"app/com.example.pokeapp.network.PokemonApi/-api-pokemon-detail-state/-loading/index.html","searchKeys":["Loading","object Loading : ApiPokemonDetailState","com.example.pokeapp.network.PokemonApi.ApiPokemonDetailState.Loading"]},{"name":"object Loading : ApiPokemonState","description":"com.example.pokeapp.network.PokemonApi.ApiPokemonState.Loading","location":"app/com.example.pokeapp.network.PokemonApi/-api-pokemon-state/-loading/index.html","searchKeys":["Loading","object Loading : ApiPokemonState","com.example.pokeapp.network.PokemonApi.ApiPokemonState.Loading"]},{"name":"object Loading : ApiTypeState","description":"com.example.pokeapp.network.TypeApi.ApiTypeState.Loading","location":"app/com.example.pokeapp.network.TypeApi/-api-type-state/-loading/index.html","searchKeys":["Loading","object Loading : ApiTypeState","com.example.pokeapp.network.TypeApi.ApiTypeState.Loading"]},{"name":"object Success : ApiGameState","description":"com.example.pokeapp.network.GamesApi.ApiGameState.Success","location":"app/com.example.pokeapp.network.GamesApi/-api-game-state/-success/index.html","searchKeys":["Success","object Success : ApiGameState","com.example.pokeapp.network.GamesApi.ApiGameState.Success"]},{"name":"object Success : ApiPokemonState","description":"com.example.pokeapp.network.PokemonApi.ApiPokemonState.Success","location":"app/com.example.pokeapp.network.PokemonApi/-api-pokemon-state/-success/index.html","searchKeys":["Success","object Success : ApiPokemonState","com.example.pokeapp.network.PokemonApi.ApiPokemonState.Success"]},{"name":"object Success : ApiTypeState","description":"com.example.pokeapp.network.TypeApi.ApiTypeState.Success","location":"app/com.example.pokeapp.network.TypeApi/-api-type-state/-success/index.html","searchKeys":["Success","object Success : ApiTypeState","com.example.pokeapp.network.TypeApi.ApiTypeState.Success"]},{"name":"open override fun getGenerations(): Flow<List<Generation>>","description":"com.example.pokeapp.data.CachingAppRepository.getGenerations","location":"app/com.example.pokeapp.data/-caching-app-repository/get-generations.html","searchKeys":["getGenerations","open override fun getGenerations(): Flow<List<Generation>>","com.example.pokeapp.data.CachingAppRepository.getGenerations"]},{"name":"open override fun getPokemon(): Flow<List<Pokemon>>","description":"com.example.pokeapp.data.CachingAppRepository.getPokemon","location":"app/com.example.pokeapp.data/-caching-app-repository/get-pokemon.html","searchKeys":["getPokemon","open override fun getPokemon(): Flow<List<Pokemon>>","com.example.pokeapp.data.CachingAppRepository.getPokemon"]},{"name":"open override fun getPokemonByName(name: String): Flow<List<Pokemon>>","description":"com.example.pokeapp.data.CachingAppRepository.getPokemonByName","location":"app/com.example.pokeapp.data/-caching-app-repository/get-pokemon-by-name.html","searchKeys":["getPokemonByName","open override fun getPokemonByName(name: String): Flow<List<Pokemon>>","com.example.pokeapp.data.CachingAppRepository.getPokemonByName"]},{"name":"open override fun getTypes(): Flow<List<Type>>","description":"com.example.pokeapp.data.CachingAppRepository.getTypes","location":"app/com.example.pokeapp.data/-caching-app-repository/get-types.html","searchKeys":["getTypes","open override fun getTypes(): Flow<List<Type>>","com.example.pokeapp.data.CachingAppRepository.getTypes"]},{"name":"open override fun onCreate()","description":"com.example.pokeapp.AppApplication.onCreate","location":"app/com.example.pokeapp/-app-application/on-create.html","searchKeys":["onCreate","open override fun onCreate()","com.example.pokeapp.AppApplication.onCreate"]},{"name":"open override val appRepository: AppRepository","description":"com.example.pokeapp.data.DefaultAppContainer.appRepository","location":"app/com.example.pokeapp.data/-default-app-container/app-repository.html","searchKeys":["appRepository","open override val appRepository: AppRepository","com.example.pokeapp.data.DefaultAppContainer.appRepository"]},{"name":"open suspend override fun getPokemonDetail(name: String): PokemonDetail?","description":"com.example.pokeapp.data.CachingAppRepository.getPokemonDetail","location":"app/com.example.pokeapp.data/-caching-app-repository/get-pokemon-detail.html","searchKeys":["getPokemonDetail","open suspend override fun getPokemonDetail(name: String): PokemonDetail?","com.example.pokeapp.data.CachingAppRepository.getPokemonDetail"]},{"name":"open suspend override fun insertGeneration(generation: Generation)","description":"com.example.pokeapp.data.CachingAppRepository.insertGeneration","location":"app/com.example.pokeapp.data/-caching-app-repository/insert-generation.html","searchKeys":["insertGeneration","open suspend override fun insertGeneration(generation: Generation)","com.example.pokeapp.data.CachingAppRepository.insertGeneration"]},{"name":"open suspend override fun insertPokemon(pokemon: Pokemon)","description":"com.example.pokeapp.data.CachingAppRepository.insertPokemon","location":"app/com.example.pokeapp.data/-caching-app-repository/insert-pokemon.html","searchKeys":["insertPokemon","open suspend override fun insertPokemon(pokemon: Pokemon)","com.example.pokeapp.data.CachingAppRepository.insertPokemon"]},{"name":"open suspend override fun insertType(type: Type)","description":"com.example.pokeapp.data.CachingAppRepository.insertType","location":"app/com.example.pokeapp.data/-caching-app-repository/insert-type.html","searchKeys":["insertType","open suspend override fun insertType(type: Type)","com.example.pokeapp.data.CachingAppRepository.insertType"]},{"name":"open suspend override fun refreshGeneration()","description":"com.example.pokeapp.data.CachingAppRepository.refreshGeneration","location":"app/com.example.pokeapp.data/-caching-app-repository/refresh-generation.html","searchKeys":["refreshGeneration","open suspend override fun refreshGeneration()","com.example.pokeapp.data.CachingAppRepository.refreshGeneration"]},{"name":"open suspend override fun refreshPokemon()","description":"com.example.pokeapp.data.CachingAppRepository.refreshPokemon","location":"app/com.example.pokeapp.data/-caching-app-repository/refresh-pokemon.html","searchKeys":["refreshPokemon","open suspend override fun refreshPokemon()","com.example.pokeapp.data.CachingAppRepository.refreshPokemon"]},{"name":"open suspend override fun refreshType()","description":"com.example.pokeapp.data.CachingAppRepository.refreshType","location":"app/com.example.pokeapp.data/-caching-app-repository/refresh-type.html","searchKeys":["refreshType","open suspend override fun refreshType()","com.example.pokeapp.data.CachingAppRepository.refreshType"]},{"name":"val Factory: ViewModelProvider.Factory","description":"com.example.pokeapp.viewmodel.HomeViewModel.Companion.Factory","location":"app/com.example.pokeapp.viewmodel/-home-view-model/-companion/-factory.html","searchKeys":["Factory","val Factory: ViewModelProvider.Factory","com.example.pokeapp.viewmodel.HomeViewModel.Companion.Factory"]},{"name":"val Factory: ViewModelProvider.Factory","description":"com.example.pokeapp.viewmodel.PokemonDetailViewModel.Companion.Factory","location":"app/com.example.pokeapp.viewmodel/-pokemon-detail-view-model/-companion/-factory.html","searchKeys":["Factory","val Factory: ViewModelProvider.Factory","com.example.pokeapp.viewmodel.PokemonDetailViewModel.Companion.Factory"]},{"name":"val Factory: ViewModelProvider.Factory","description":"com.example.pokeapp.viewmodel.PokemonViewModel.Companion.Factory","location":"app/com.example.pokeapp.viewmodel/-pokemon-view-model/-companion/-factory.html","searchKeys":["Factory","val Factory: ViewModelProvider.Factory","com.example.pokeapp.viewmodel.PokemonViewModel.Companion.Factory"]},{"name":"val Pink40: Color","description":"com.example.pokeapp.ui.theme.Pink40","location":"app/com.example.pokeapp.ui.theme/-pink40.html","searchKeys":["Pink40","val Pink40: Color","com.example.pokeapp.ui.theme.Pink40"]},{"name":"val Pink80: Color","description":"com.example.pokeapp.ui.theme.Pink80","location":"app/com.example.pokeapp.ui.theme/-pink80.html","searchKeys":["Pink80","val Pink80: Color","com.example.pokeapp.ui.theme.Pink80"]},{"name":"val PokedexNr: Int","description":"com.example.pokeapp.model.Pokemon.Pokemon.PokedexNr","location":"app/com.example.pokeapp.model.Pokemon/-pokemon/-pokedex-nr.html","searchKeys":["PokedexNr","val PokedexNr: Int","com.example.pokeapp.model.Pokemon.Pokemon.PokedexNr"]},{"name":"val Purple40: Color","description":"com.example.pokeapp.ui.theme.Purple40","location":"app/com.example.pokeapp.ui.theme/-purple40.html","searchKeys":["Purple40","val Purple40: Color","com.example.pokeapp.ui.theme.Purple40"]},{"name":"val Purple80: Color","description":"com.example.pokeapp.ui.theme.Purple80","location":"app/com.example.pokeapp.ui.theme/-purple80.html","searchKeys":["Purple80","val Purple80: Color","com.example.pokeapp.ui.theme.Purple80"]},{"name":"val PurpleGrey40: Color","description":"com.example.pokeapp.ui.theme.PurpleGrey40","location":"app/com.example.pokeapp.ui.theme/-purple-grey40.html","searchKeys":["PurpleGrey40","val PurpleGrey40: Color","com.example.pokeapp.ui.theme.PurpleGrey40"]},{"name":"val PurpleGrey80: Color","description":"com.example.pokeapp.ui.theme.PurpleGrey80","location":"app/com.example.pokeapp.ui.theme/-purple-grey80.html","searchKeys":["PurpleGrey80","val PurpleGrey80: Color","com.example.pokeapp.ui.theme.PurpleGrey80"]},{"name":"val Typography: Typography","description":"com.example.pokeapp.ui.theme.Typography","location":"app/com.example.pokeapp.ui.theme/-typography.html","searchKeys":["Typography","val Typography: Typography","com.example.pokeapp.ui.theme.Typography"]},{"name":"val entries: EnumEntries<Destinations>","description":"com.example.pokeapp.ui.components.Destinations.entries","location":"app/com.example.pokeapp.ui.components/-destinations/entries.html","searchKeys":["entries","val entries: EnumEntries<Destinations>","com.example.pokeapp.ui.components.Destinations.entries"]},{"name":"val entries: EnumEntries<NavigationType>","description":"com.example.pokeapp.ui.components.NavigationType.entries","location":"app/com.example.pokeapp.ui.components/-navigation-type/entries.html","searchKeys":["entries","val entries: EnumEntries<NavigationType>","com.example.pokeapp.ui.components.NavigationType.entries"]},{"name":"val genetationList: List<Generation>","description":"com.example.pokeapp.network.GamesApi.GenerationListState.genetationList","location":"app/com.example.pokeapp.network.GamesApi/-generation-list-state/genetation-list.html","searchKeys":["genetationList","val genetationList: List<Generation>","com.example.pokeapp.network.GamesApi.GenerationListState.genetationList"]},{"name":"val height: Int? = 100","description":"com.example.pokeapp.network.PokemonApi.ApiPokemonDetail.height","location":"app/com.example.pokeapp.network.PokemonApi/-api-pokemon-detail/height.html","searchKeys":["height","val height: Int? = 100","com.example.pokeapp.network.PokemonApi.ApiPokemonDetail.height"]},{"name":"val height: Int? = null","description":"com.example.pokeapp.model.Pokemon.PokemonDetail.height","location":"app/com.example.pokeapp.model.Pokemon/-pokemon-detail/height.html","searchKeys":["height","val height: Int? = null","com.example.pokeapp.model.Pokemon.PokemonDetail.height"]},{"name":"val id: Int","description":"com.example.pokeapp.model.Pokemon.PokemonDetail.id","location":"app/com.example.pokeapp.model.Pokemon/-pokemon-detail/id.html","searchKeys":["id","val id: Int","com.example.pokeapp.model.Pokemon.PokemonDetail.id"]},{"name":"val id: Int","description":"com.example.pokeapp.network.PokemonApi.ApiPokemonDetail.id","location":"app/com.example.pokeapp.network.PokemonApi/-api-pokemon-detail/id.html","searchKeys":["id","val id: Int","com.example.pokeapp.network.PokemonApi.ApiPokemonDetail.id"]},{"name":"val image: String","description":"com.example.pokeapp.model.Games.Generation.image","location":"app/com.example.pokeapp.model.Games/-generation/image.html","searchKeys":["image","val image: String","com.example.pokeapp.model.Games.Generation.image"]},{"name":"val image: String","description":"com.example.pokeapp.model.Pokemon.Pokemon.image","location":"app/com.example.pokeapp.model.Pokemon/-pokemon/image.html","searchKeys":["image","val image: String","com.example.pokeapp.model.Pokemon.Pokemon.image"]},{"name":"val image: String","description":"com.example.pokeapp.model.Pokemon.PokemonDetail.image","location":"app/com.example.pokeapp.model.Pokemon/-pokemon-detail/image.html","searchKeys":["image","val image: String","com.example.pokeapp.model.Pokemon.PokemonDetail.image"]},{"name":"val image: String","description":"com.example.pokeapp.model.Type.Type.image","location":"app/com.example.pokeapp.model.Type/-type/image.html","searchKeys":["image","val image: String","com.example.pokeapp.model.Type.Type.image"]},{"name":"val logging: HttpLoggingInterceptor","description":"com.example.pokeapp.data.DefaultAppContainer.logging","location":"app/com.example.pokeapp.data/-default-app-container/logging.html","searchKeys":["logging","val logging: HttpLoggingInterceptor","com.example.pokeapp.data.DefaultAppContainer.logging"]},{"name":"val name: String","description":"com.example.pokeapp.data.database.DbGeneration.name","location":"app/com.example.pokeapp.data.database/-db-generation/name.html","searchKeys":["name","val name: String","com.example.pokeapp.data.database.DbGeneration.name"]},{"name":"val name: String","description":"com.example.pokeapp.data.database.DbPokemon.name","location":"app/com.example.pokeapp.data.database/-db-pokemon/name.html","searchKeys":["name","val name: String","com.example.pokeapp.data.database.DbPokemon.name"]},{"name":"val name: String","description":"com.example.pokeapp.model.Games.Generation.name","location":"app/com.example.pokeapp.model.Games/-generation/name.html","searchKeys":["name","val name: String","com.example.pokeapp.model.Games.Generation.name"]},{"name":"val name: String","description":"com.example.pokeapp.model.Pokemon.Pokemon.name","location":"app/com.example.pokeapp.model.Pokemon/-pokemon/name.html","searchKeys":["name","val name: String","com.example.pokeapp.model.Pokemon.Pokemon.name"]},{"name":"val name: String","description":"com.example.pokeapp.network.GamesApi.APIGeneration.name","location":"app/com.example.pokeapp.network.GamesApi/-a-p-i-generation/name.html","searchKeys":["name","val name: String","com.example.pokeapp.network.GamesApi.APIGeneration.name"]},{"name":"val name: String","description":"com.example.pokeapp.network.PokemonApi.ApiPokemon.name","location":"app/com.example.pokeapp.network.PokemonApi/-api-pokemon/name.html","searchKeys":["name","val name: String","com.example.pokeapp.network.PokemonApi.ApiPokemon.name"]},{"name":"val name: String","description":"com.example.pokeapp.network.TypeApi.APIType.name","location":"app/com.example.pokeapp.network.TypeApi/-a-p-i-type/name.html","searchKeys":["name","val name: String","com.example.pokeapp.network.TypeApi.APIType.name"]},{"name":"val name: String? = null","description":"com.example.pokeapp.model.Pokemon.PokemonDetail.name","location":"app/com.example.pokeapp.model.Pokemon/-pokemon-detail/name.html","searchKeys":["name","val name: String? = null","com.example.pokeapp.model.Pokemon.PokemonDetail.name"]},{"name":"val name: String? = null","description":"com.example.pokeapp.network.PokemonApi.ApiPokemonDetail.name","location":"app/com.example.pokeapp.network.PokemonApi/-api-pokemon-detail/name.html","searchKeys":["name","val name: String? = null","com.example.pokeapp.network.PokemonApi.ApiPokemonDetail.name"]},{"name":"val pokemonByName: StateFlow<List<Pokemon>>","description":"com.example.pokeapp.viewmodel.PokemonViewModel.pokemonByName","location":"app/com.example.pokeapp.viewmodel/-pokemon-view-model/pokemon-by-name.html","searchKeys":["pokemonByName","val pokemonByName: StateFlow<List<Pokemon>>","com.example.pokeapp.viewmodel.PokemonViewModel.pokemonByName"]},{"name":"val pokemonDetail: PokemonDetail?","description":"com.example.pokeapp.network.PokemonApi.ApiPokemonDetailState.Success.pokemonDetail","location":"app/com.example.pokeapp.network.PokemonApi/-api-pokemon-detail-state/-success/pokemon-detail.html","searchKeys":["pokemonDetail","val pokemonDetail: PokemonDetail?","com.example.pokeapp.network.PokemonApi.ApiPokemonDetailState.Success.pokemonDetail"]},{"name":"val pokemonList: List<Pokemon>","description":"com.example.pokeapp.network.PokemonApi.PokemonListState.pokemonList","location":"app/com.example.pokeapp.network.PokemonApi/-pokemon-list-state/pokemon-list.html","searchKeys":["pokemonList","val pokemonList: List<Pokemon>","com.example.pokeapp.network.PokemonApi.PokemonListState.pokemonList"]},{"name":"val results: List<APIGeneration>","description":"com.example.pokeapp.network.GamesApi.ApiGameResponse.results","location":"app/com.example.pokeapp.network.GamesApi/-api-game-response/results.html","searchKeys":["results","val results: List<APIGeneration>","com.example.pokeapp.network.GamesApi.ApiGameResponse.results"]},{"name":"val results: List<APIType>","description":"com.example.pokeapp.network.TypeApi.ApiTypeResponse.results","location":"app/com.example.pokeapp.network.TypeApi/-api-type-response/results.html","searchKeys":["results","val results: List<APIType>","com.example.pokeapp.network.TypeApi.ApiTypeResponse.results"]},{"name":"val results: List<ApiPokemon>","description":"com.example.pokeapp.network.PokemonApi.ApiPokemonResponse.results","location":"app/com.example.pokeapp.network.PokemonApi/-api-pokemon-response/results.html","searchKeys":["results","val results: List<ApiPokemon>","com.example.pokeapp.network.PokemonApi.ApiPokemonResponse.results"]},{"name":"val type: String","description":"com.example.pokeapp.data.database.DbType.type","location":"app/com.example.pokeapp.data.database/-db-type/type.html","searchKeys":["type","val type: String","com.example.pokeapp.data.database.DbType.type"]},{"name":"val type: String","description":"com.example.pokeapp.model.Type.Type.type","location":"app/com.example.pokeapp.model.Type/-type/type.html","searchKeys":["type","val type: String","com.example.pokeapp.model.Type.Type.type"]},{"name":"val typeList: List<Type>","description":"com.example.pokeapp.network.TypeApi.TypeListState.typeList","location":"app/com.example.pokeapp.network.TypeApi/-type-list-state/type-list.html","searchKeys":["typeList","val typeList: List<Type>","com.example.pokeapp.network.TypeApi.TypeListState.typeList"]},{"name":"val url: String","description":"com.example.pokeapp.data.database.DbPokemon.url","location":"app/com.example.pokeapp.data.database/-db-pokemon/url.html","searchKeys":["url","val url: String","com.example.pokeapp.data.database.DbPokemon.url"]},{"name":"val url: String","description":"com.example.pokeapp.model.Pokemon.Pokemon.url","location":"app/com.example.pokeapp.model.Pokemon/-pokemon/url.html","searchKeys":["url","val url: String","com.example.pokeapp.model.Pokemon.Pokemon.url"]},{"name":"val url: String","description":"com.example.pokeapp.network.PokemonApi.ApiPokemon.url","location":"app/com.example.pokeapp.network.PokemonApi/-api-pokemon/url.html","searchKeys":["url","val url: String","com.example.pokeapp.network.PokemonApi.ApiPokemon.url"]},{"name":"val weight: Int? = 100","description":"com.example.pokeapp.network.PokemonApi.ApiPokemonDetail.weight","location":"app/com.example.pokeapp.network.PokemonApi/-api-pokemon-detail/weight.html","searchKeys":["weight","val weight: Int? = 100","com.example.pokeapp.network.PokemonApi.ApiPokemonDetail.weight"]},{"name":"val weight: Int? = null","description":"com.example.pokeapp.model.Pokemon.PokemonDetail.weight","location":"app/com.example.pokeapp.model.Pokemon/-pokemon-detail/weight.html","searchKeys":["weight","val weight: Int? = null","com.example.pokeapp.model.Pokemon.PokemonDetail.weight"]},{"name":"var apiGameState: ApiGameState","description":"com.example.pokeapp.viewmodel.HomeViewModel.apiGameState","location":"app/com.example.pokeapp.viewmodel/-home-view-model/api-game-state.html","searchKeys":["apiGameState","var apiGameState: ApiGameState","com.example.pokeapp.viewmodel.HomeViewModel.apiGameState"]},{"name":"var apiPokemonState: ApiPokemonState","description":"com.example.pokeapp.viewmodel.PokemonViewModel.apiPokemonState","location":"app/com.example.pokeapp.viewmodel/-pokemon-view-model/api-pokemon-state.html","searchKeys":["apiPokemonState","var apiPokemonState: ApiPokemonState","com.example.pokeapp.viewmodel.PokemonViewModel.apiPokemonState"]},{"name":"var apiTypeState: ApiTypeState","description":"com.example.pokeapp.viewmodel.HomeViewModel.apiTypeState","location":"app/com.example.pokeapp.viewmodel/-home-view-model/api-type-state.html","searchKeys":["apiTypeState","var apiTypeState: ApiTypeState","com.example.pokeapp.viewmodel.HomeViewModel.apiTypeState"]},{"name":"var pokemonDetailApiState: ApiPokemonDetailState","description":"com.example.pokeapp.viewmodel.PokemonDetailViewModel.pokemonDetailApiState","location":"app/com.example.pokeapp.viewmodel/-pokemon-detail-view-model/pokemon-detail-api-state.html","searchKeys":["pokemonDetailApiState","var pokemonDetailApiState: ApiPokemonDetailState","com.example.pokeapp.viewmodel.PokemonDetailViewModel.pokemonDetailApiState"]}]
